[
  {
    "id": "captured-00-laco-mhb3bgwm",
    "name": "00_laco",
    "category": "flowchart",
    "description": "Captured from PowerPoint (Type: 138)",
    "tags": [
      "captured",
      "flowchart",
      "flow",
      "chart",
      "summing",
      "junction",
      "laco"
    ],
    "preview": "flowchart/captured-00-laco-mhb3bgwm.png",
    "pptxDefinition": {
      "type": "flowChartSummingJunction",
      "x": 7.624,
      "y": 3.622,
      "w": 3.085,
      "h": 0.89,
      "rotate": 180,
      "adj": [],
      "fill": {
        "color": "C00000",
        "transparency": 0
      }
    },
    "nativePptx": "native/shape_captured_1761687608233.pptx"
  },
  {
    "id": "captured-00-tag-mhb2k2iz",
    "name": "canto-tela",
    "category": "flowchart",
    "description": "Captured from PowerPoint (Type: 138)",
    "tags": [
      "TAG"
    ],
    "preview": "flowchart/captured-00-tag-mhb2k2iz.png",
    "pptxDefinition": {
      "type": "flowChartSummingJunction",
      "x": 11.9,
      "y": 0.424,
      "w": 1.787,
      "h": 0.24,
      "rotate": 45,
      "adj": [],
      "fill": {
        "color": "A100FF",
        "transparency": 0
      }
    },
    "nativePptx": "native/shape_captured_1761686325301.pptx"
  }
]